,HRV mean,HRV std,BVP mean,BVP std,TEMP mean,TEMP std,EDA mean(base),EDA std(base),EDA mean(session),EDA std(session),EDA mean relation,Score,Fails,Valencia,Activation
0,94.65480714285714,6.360681231129067,-0.015436753090658954,29.41496410852113,30.49698571428558,0.20167149934615,0.927960129689702,0.8575907241174054,0.8575907241174054,0.14382247492584693,1.0820547652782948,18.0,46.0,3.0,2.0
1,91.1716767676769,18.253613153047766,-0.0265354797979793,48.7388288199715,33.339656565656625,0.12707681503101112,0.5675039280091465,0.7523496509288613,0.7523496509288613,0.1945956113115372,0.7543087543251975,9.0,120.0,2.0,2.0
2,74.25360655737704,8.540664780529408,-0.005108156091011856,49.286536764303854,32.45364298724969,0.36045932923411295,0.07081642723329977,0.13196007164017914,0.13196007164017914,0.03102621040908728,0.5366504151831457,18.0,40.0,3.0,4.0
3,81.32403426791281,11.637782205845214,-0.027660151239233245,40.302891715066515,31.97579439252338,0.09856448099184958,0.10201867682984514,0.16042417834734798,0.16042417834734798,0.05242677014820883,0.6359308047004976,20.0,33.0,2.0,4.0
